ARM,ETR,Deficit,Excedente,PRECIPITACAO,TEMPERATURA,ETo
2.948176758041195e-07,2.864433973032667e-08,6.954342923488879,0.0,0.0,28.9,6.954342952133218
2.611958216303449e-07,3.362185417377459e-08,9.08150371846062,0.0,0.0,29.6,9.081503752082474
2.33432930858405e-07,0.6000000277628907,8.42816986836505,0.0,0.6,29.2,9.02816989612794
2.099996072063528e-07,2.3433323652052212e-08,7.9341855942017645,0.0,0.0,29.4,7.934185617635088
1.894987800021429e-07,2.050082720420989e-08,7.70423051085688,0.0,0.0,29.8,7.704230531357707
1.7681739311133444e-07,1.268138689080846e-08,5.194879774342217,0.0,0.0,29.2,5.194879787023604
1.7264985233710018e-07,3.800000004167541,1.7888965554942011,0.0,3.8,27.8,5.588896559661742
1.6615639935589573e-07,0.500000006493453,2.8752044162649035,0.0,0.5,26.0,3.3752044227583564
3.828033743903,3.171966422253399,0.0,0.0,7.0,27.0,3.171966422253399
3.6793966218000906,0.14863712210290947,2.8215512256383066,0.0,0.0,26.1,2.970188347741216
3.3565340139026656,0.7228626078974251,6.5651283308801505,0.0,0.4,28.6,7.287990938777575
2.966692999387839,0.3898410145148268,8.869736524826306,0.0,0.0,29.6,9.259577539341134
2.6135256786148813,0.35316732077295754,9.152911659141623,0.0,0.0,29.5,9.50607897991458
2.489215755479229,0.12430992313565215,3.530623171991815,0.0,0.0,27.3,3.654933095127467
2.338389540208966,0.1508262152702633,4.537066895576029,0.0,0.0,28.8,4.687893110846292
2.4929448683594195,4.106504671849546,0.0,0.0,4.26106,25.4148,4.106504671849546
16.523840699487764,1.3170041688716574,0.0,0.0,15.3479,24.4061,1.3170041688716574
18.345402912295754,2.3789077871920092,0.0,0.0,4.20047,24.9582,2.3789077871920092
28.781031287915525,1.66267162438023,0.0,0.0,12.0983,24.5156,1.66267162438023
39.10494529015392,1.2662859977616012,0.0,0.0,11.5902,24.6021,1.2662859977616012
40.33397205351613,1.3423632366377947,0.0,0.0,2.57139,23.8995,1.3423632366377947
41.223032763551025,1.7007892899651051,0.0,0.0,2.58985,24.1746,1.7007892899651051
43.51398576780957,1.8692969957414485,0.0,0.0,4.16025,24.3261,1.8692969957414485
41.96391025050639,1.8457295173031847,1.1703566714500622,0.0,0.295654,24.8184,3.016086188753247
39.188702660562754,2.7752075899436335,2.3564020087654898,0.0,0.0,25.4474,5.131609598709123
36.36425377052943,2.824448890033324,2.785720232708986,0.0,0.0,26.1072,5.61016912274231
33.96529149311754,2.46653897741189,2.7195693291154415,0.0,0.0675767,25.6816,5.1861083065273315
31.983528872732293,2.127660620385247,2.5270961704104797,0.0,0.145898,25.354,4.654756790795727
34.729380735466926,2.8202181372653685,0.0,0.0,5.56607,24.4755,2.8202181372653685
41.02258751466187,4.335993220805055,0.0,0.0,10.6292,24.8889,4.335993220805055
38.7096155808603,2.3129719338015704,2.039637781414574,0.0,0.0,26.7,4.352609715216144
51.65447792309352,2.0551376577667746,0.0,0.0,15.0,24.7,2.0551376577667746
53.19808610466103,2.0563918184324965,0.0,0.0,3.6,24.7,2.0563918184324965
60.59332179642003,2.704764308241,0.0,0.0,10.1,26.2,2.704764308241
57.68382056088173,2.9095012355383005,0.7810955885456043,0.0,0.0,27.3,3.690596824083905
55.01365055332547,2.6701700075562584,0.8844836163725733,0.0,0.0,27.4,3.5546536239288318
51.3257983741231,3.687852179202366,1.5162349406522093,0.0,0.0,27.9,5.2040871198545755
47.25797871725651,4.06781965686659,2.125081590142493,0.0,0.0,28.1,6.1929012470090825
44.23371248922501,3.0242662280315002,1.9358045521080873,0.0,0.0,27.7,4.960070780139588
40.94998735748214,3.2837251317428766,2.5014540773666853,0.0,0.0,28.0,5.785179209109562
37.76360467011998,3.186382687362155,2.8890449765375985,0.0,0.0,27.6,6.075427663899753
34.429962823198544,3.333641846921438,3.597753289020628,0.0,0.0,28.1,6.931395135942066
31.615357292526888,2.814605530671656,3.581709826543136,0.0,0.0,28.7,6.396315357214792
29.166202923570626,2.449154368956261,3.59827473118754,0.0,0.0,28.2,6.047429100143801
27.649611967078425,1.5165909564922018,2.4883273442285185,0.0,0.0,27.2,4.00491830072072
27.57383831696437,5.475773650114055,0.13004570003053662,0.0,5.4,29.2,5.605819350144592
25.156051050611307,2.417787266353063,4.464885490181199,0.0,0.0,27.5685,6.882672756534262
23.042446587459125,2.113604463152182,4.468429073740053,0.0,0.0,29.6,6.582033536892235
20.868917782390536,2.173528805068589,5.2572577687384285,0.0,0.0,28.3,7.430786573807017
19.81982190931641,1.0490958730741262,2.8192782098592075,0.0,0.0,27.1,3.8683740829333337
19.20071547755251,2.6191064317638997,1.7610186179892295,0.0,2.0,27.2,4.380125049753129
17.85986871560592,1.3408467619465902,4.088502097346313,0.0,0.0,27.8,5.429348859292904
16.325326365636155,1.5345423499697652,5.203349495476441,0.0,0.0,27.5,6.737891845446207
15.196842983148441,1.1284833824877136,4.243763537207263,0.0,0.0,28.4,5.372246919694977
14.609516061180086,2.187326921968355,2.368768557717521,0.0,1.6,28.5,4.556095479685876
13.506389093508107,1.1031269676719795,4.78514266222631,0.0,0.0,29.4,5.888269629898289
12.212221242684759,1.2941678508233476,6.26025575968144,0.0,0.0,29.6,7.554423610504788
10.965601919082053,1.2466193236027063,6.828924420696811,0.0,0.0,30.0,8.075543744299518
9.970376568725465,0.9952253503565878,6.140643762200271,0.0,0.0,30.1,7.1358691125568585
9.133276358085695,0.83710021063977,5.739939807078467,0.0,0.0,29.0,6.577040017718237
8.176349743133068,0.9569266149526268,7.343974174463927,0.0,0.0,29.7,8.300900789416554
7.191193182585268,0.9851565605478001,8.643996021478545,0.0,0.0,29.7,9.629152582026345
6.854038331294191,0.3371548512910767,3.2642770692830445,0.0,0.0,28.0,3.601431920574121
6.3074817952625475,1.5465565360316438,5.686056013200411,0.0,1.0,29.0,7.232612549232055
5.791601988479617,0.5158798067829302,5.883688697744849,0.0,0.0,29.4,6.399568504527779
5.245762678372062,0.5458393101075556,6.878282697093624,0.0,0.0,29.5,7.42412200720118
4.626365308042548,0.6193973703295139,8.80428608175246,0.0,0.0,30.1,9.423683452081974
4.158668470054437,0.467696837988111,7.525547068274884,0.0,0.0,30.0,7.993243906262995
4.580199962175399,5.178468507879037,0.0,0.0,5.6,28.6,5.178468507879037
4.08293473481619,0.4972652273592093,8.122231980802676,0.0,0.0,29.1,8.619497208161885
3.7726263618013225,0.31030837301486747,5.61803820110627,0.0,0.0,28.7,5.928346574121138
3.3789162948027363,0.39371006699858624,7.872517785091823,0.0,0.0,28.9,8.26622785209041
3.0730752889842314,0.3058410058185048,6.809877912122161,0.0,0.0,28.8,7.115718917940666
2.8792426127129436,1.1938326762712879,4.692530209272972,0.0,1.0,28.2,5.88636288554426
2.6784830954794043,0.20075951723353924,5.219989437934086,0.0,0.0,29.0,5.420748955167626
2.4203131529840034,0.25816994249540093,7.3433569029995045,0.0,0.0,30.0,7.601526845494906
3.5639111969734265,2.6564019560105767,0.0,0.0,3.8,27.3,2.6564019560105767
43.5292472412598,5.8346639557136255,0.0,0.0,45.8,28.1,5.8346639557136255
39.113406444037686,4.415840797222117,3.6067425912335445,0.0,0.0,29.0,8.022583388455661
36.64876058275326,2.464645861284424,2.4167796833766877,0.0,0.0,27.4,4.881425544661112
34.13772542847642,4.1110351542768395,2.8122038291332343,0.0,1.6,29.0,6.923238983410074
30.66858097383545,3.469144454640972,4.568184107554609,0.0,0.0,29.1,8.037328562195581
28.43694860054896,3.0316323732864907,3.4345728397260267,0.0,0.8,28.6,6.466205213012517
26.150726762904952,2.286221837644007,3.999702495891704,0.0,0.0,29.6,6.285924333535711
23.343282842104607,2.8074439208003454,5.710134493529694,0.0,0.0,29.5,8.517578414330039
20.708686667278563,2.6345961748260436,6.347104725717811,0.0,0.0,30.4,8.981700900543855
19.312425220220437,1.3962614470581265,3.839081711586428,0.0,0.0,29.1,5.235343158644555
18.708490714001574,0.603934506218863,1.778906459007966,0.0,0.0,28.5,2.382840965226829
17.777406441350667,0.9310842726509065,2.8975997035889822,0.0,0.0,27.8,3.8286839762398888
24.92503629329235,0.8523701480583176,0.0,0.0,8.0,25.7,0.8523701480583176
25.521638618833013,3.6033976744593397,0.0,0.0,4.2,28.0,3.6033976744593397
25.2581167431816,1.2635218756514135,0.5149111025451814,0.0,1.0,27.1,1.7784329781965948
34.444779528756385,2.6133372144252176,0.0,0.0,11.8,28.2,2.6133372144252176
33.75119693669638,0.6935825920600038,0.8320349231291781,0.0,0.0,26.9,1.525617515189182
31.667319667800907,2.083877268895474,2.695922056535477,0.0,0.0,27.5,4.779799325430951
30.3055781702015,1.3617414975994073,1.934765768184767,0.0,0.0,27.0,3.2965072657841743
59.53934937077588,5.166228799425615,0.0,0.0,34.4,27.6,5.166228799425615
59.32439574780504,5.014953622970839,0.056307210699874766,0.0,4.8,26.7,5.0712608336707135
53.749695453516985,5.574700294288057,1.8264958909380509,0.0,0.0,27.8,7.401196185226108
47.470746551638356,6.278948901878628,3.037876730253421,0.0,0.0,27.3,9.31682563213205
43.477208644780305,3.9935379068580517,2.597221917551881,0.0,0.0,27.5,6.590759824409933
47.49203102525867,2.785177619521638,0.0,0.0,6.8,25.9,2.785177619521638
74.44776325856907,3.244267766689593,0.0,0.0,30.2,26.3,3.244267766689593
70.2583225462848,4.1894407122842665,0.15448005275096666,0.0,0.0,27.7,4.343920765035233
67.60487540681169,2.6534471394731156,0.23395309220464577,0.0,0.0,27.1,2.8874002316777614
70.87230201193822,3.9325733948734722,0.0,0.0,7.2,28.1646,3.9325733948734722
75.0,2.71816304587025,0.0,0.554138966067967,7.4,27.2,2.71816304587025
71.27226122878452,3.727738771215485,0.09582909534713835,0.0,0.0,27.9,3.823567866562623
70.26375306025524,2.008508168529275,0.06032781869228687,0.0,1.0,25.9,2.068835987221562
75.0,4.4892475556343,0.0,2.77450550462094,12.0,26.8,4.4892475556343
69.51043373974393,5.489566260256069,0.21127722586360598,0.0,0.0,26.7,5.700843486119675
65.94652576599854,3.963907973745387,0.3835422085361828,0.0,0.4,27.5,4.34745018228157
63.57775702786158,2.368768738136964,0.37477034049826763,0.0,0.0,25.9,2.743539078635232
67.03540846081776,3.5423485670438173,0.0,0.0,7.0,26.6,3.5423485670438173
61.72031070093704,5.315097759880722,0.8804949471146504,0.0,0.0,27.6,6.195592706995372
57.709699829091846,4.010610871845195,1.0284736916602784,0.0,0.0,27.5,5.039084563505473
54.9912021484921,2.7184976805997465,0.9004065074885497,0.0,0.0,27.7,3.618904188088296
51.218326918260885,3.7728752302312145,1.557809460849053,0.0,0.0,28.1,5.330684691080267
46.37322539400182,4.845101524259064,2.6080356153141615,0.0,0.0,27.2,7.453137139573226
42.17237292310025,4.200852470901573,2.9209163172665287,0.0,0.0,27.8,7.121768788168102
39.71823127050676,2.454141652593485,2.0424854732592115,0.0,0.0,28.3,4.496627125852696
37.056014927654736,2.6622163428520267,2.5412554157218814,0.0,0.0,27.9,5.203471758573908
34.528787324692175,2.5272276029625615,2.7705694077319896,0.0,0.0,27.6,5.297797010694551
75.0,2.9250350838124066,0.0,11.00375224087977,54.4,26.5,2.9250350838124066
72.38572259253824,2.6142774074617563,0.04665024393712436,0.0,0.0,27.2,2.6609276513988807
67.35010232713596,5.035620265402287,0.37222893424066505,0.0,0.0,27.9,5.407849199642952
62.82348662793841,4.526615699197549,0.6915413814041171,0.0,0.0,28.0,5.218157080601666
59.806078091976325,3.0174085359620832,0.6742188381969854,0.0,0.0,27.3,3.6916273741590686
55.8775070389713,3.9285710530050224,1.1673321088968844,0.0,0.0,28.3,5.095903161901907
52.714330373492785,3.1631766654785167,1.207416718653902,0.0,0.0,27.4,4.370593384132419
48.82362999046603,4.890700383026754,1.8597690220099725,0.0,1.0,28.1,6.750469405036727
46.03739481588371,3.3862351745823234,1.6207963072735825,0.0,0.6,27.1,5.007031481855906
43.76866193664027,2.268732879243437,1.5214608668629541,0.0,0.0,27.0,3.7901937461063913
41.66712011511586,2.501541821524414,1.5888893585313197,0.0,0.4,27.3,4.090431180055734
39.22716746871754,2.839952646398318,2.085755622347197,0.0,0.4,27.4,4.925708268745515
38.371255097616796,2.255912371100743,0.798658152036626,0.0,1.4,26.9,3.054570523137369
35.62698239135798,2.744272706258819,2.8211271186522664,0.0,0.0,27.3,5.565399824911085
33.2520246471435,2.374957744214477,2.799114222464005,0.0,0.0,27.8,5.174071966678482
30.158531803289854,3.093492843853646,4.230091796063521,0.0,0.0,28.3,7.323584639917167
28.002328190989708,2.1562036123001462,3.4073117848919985,0.0,0.0,28.3,5.563515397192145
25.877189733243327,2.125138457746381,3.7942951187613314,0.0,0.0,28.5,5.919433576507712
25.169186401883803,0.7080033313595244,1.3726009840705302,0.0,0.0,27.8,2.0806043154300546
22.800722496435544,2.368463905448259,5.043655639977657,0.0,0.0,26.7314,7.412119545425916
21.025878178526497,1.7748443179090465,4.303024477903846,0.0,0.0,26.5483,6.0778687958128925
19.614989825425756,1.4595117531007415,3.798605072415639,0.0,0.0486234,27.0203,5.258116825516381
18.864594371760347,5.846385453665408,2.1751452507172706,0.0,5.09599,27.0038,8.021530704382679
72.5825288644705,3.4820655072898505,0.0,0.0,57.2,27.6,3.4820655072898505
69.21826511869766,3.3642637457728455,0.19519643092002115,0.0,0.0,27.5,3.5594601766928666
65.93888050516563,3.279384613532031,0.36085397961796195,0.0,0.0,26.9,3.6402385931499928
61.2159450683577,4.72293543680793,0.8511068711620853,0.0,0.0,28.2,5.574042307970015
58.16123601721347,3.054709051144229,0.7844367664591756,0.0,0.0,28.0,3.839145817603405
55.362545110307614,3.798690906905854,0.8999941642537355,0.0,1.0,27.4,4.6986850711595896
51.51752410996133,3.8450210003462857,1.553573521894946,0.0,0.0,27.0,5.398594522241232
48.17628892429252,3.3412351856688076,1.6878939229773007,0.0,0.0,27.8,5.029129108646108
46.45947270918227,1.7168162151102493,1.0046781143908232,0.0,0.0,27.3,2.7214943295010725
43.13689556424675,3.322577144935522,2.2425504631893913,0.0,0.0,27.2,5.5651276081249135
40.48048875576584,2.956406808480909,2.1104865095271164,0.0,0.3,27.8,5.066893318008026
37.40681377345202,3.0736749823138183,2.848866864929212,0.0,0.0,28.2,5.92254184724303
36.60257131885661,3.0042424545954107,0.8258361751048215,0.0,2.2,26.8,3.8300786297002323
34.62805934185033,1.97451197700628,2.184551185907469,0.0,0.0,27.4,4.159063162913749
32.062037584267784,3.166021757582547,3.208349483193412,0.0,0.6,28.2,6.374371240775959
29.976564419786033,2.0854731644817512,2.958787595547162,0.0,0.0,28.0,5.044260760028913
27.040025238611555,2.936539181174478,4.795788754973165,0.0,0.0,29.2,7.732327936147643
25.658384308947802,3.5816409296637532,2.551943523324897,0.0,2.2,28.0,6.13358445298865
23.45054592620654,2.2078383827412615,4.540407876648762,0.0,0.0,27.9,6.748246259390023
21.454742210928476,1.9958037152780648,4.675301686447048,0.0,0.0,28.2,6.671105401725113
19.797302666458354,1.6574395444701224,4.372560724016179,0.0,0.0,28.4,6.030000268486301
18.3863003649232,1.4110023015351523,4.134487013587657,0.0,0.0,26.9,5.5454893151228095
17.346365670845376,1.0399346940778251,3.3267774726054498,0.0,0.0,27.3,4.366712166683275
16.049055536628433,1.2973101342169429,4.532665634903847,0.0,0.0,27.9,5.82997576912079
15.018483940330919,1.0305715962975146,3.947050723424449,0.0,0.0,27.3,4.977622319721964
14.331965095741388,0.6865188445895303,2.8226817413645597,0.0,0.0,28.4,3.50920058595409
13.838671160369172,0.49329393537221655,2.1336135303809036,0.0,0.0,27.5,2.62690746575312
13.244061630397619,0.594609529971553,2.6992148217900747,0.0,0.0,28.5,3.2938243517616277
15.929134541193367,2.514927089204252,0.0,0.0,5.2,27.5,2.514927089204252
21.08342490267307,6.245709638520299,0.0,0.0,11.4,27.9,6.245709638520299
19.55776623883577,1.525658663837298,4.107945675394886,0.0,0.0,28.2,5.633604339232184
17.893342636238074,1.6644236025976973,5.006356425848617,0.0,0.0,28.4,6.670780028446314
16.64452333867943,1.2488192975586436,4.177242467023907,0.0,0.0,27.8,5.426061764582551
15.298858817090464,1.3456645215889669,4.97706011926368,0.0,0.0,27.6,6.3227246408526465
14.418036329191763,0.8808224878987012,3.5665494727199913,0.0,0.0,27.1,4.4473719606186926
13.351482478394628,1.0665538507971348,4.697385144580254,0.0,0.0,27.5,5.763938995377389
12.688979035376853,0.6625034430177745,3.1545166715141724,0.0,0.0,27.4,3.817020114531947
11.817585493547107,0.8713935418297467,4.464489414082086,0.0,0.0,27.6,5.335882955911833
10.9810526606548,0.8365328328923063,4.669773361569883,0.0,0.0,27.9,5.506306194462189
10.183767073120503,0.7972855875342972,4.855937892874017,0.0,0.0,26.9,5.653223480408315
9.399526959531787,0.7842401135887158,5.225931730806157,0.0,0.0,27.8,6.010171844394873
8.684124744730228,0.7154022148015589,5.221803866435057,0.0,0.0,27.8,5.937206081236615
8.246975553275295,0.4371491914549335,3.436607054265386,0.0,0.0,27.4,3.8737562457203194
7.6334922433457795,0.6134833099295154,5.184098736213785,0.0,0.0,27.9,5.7975820461433
9.901800264507928,2.3316919788378505,0.0,0.0,4.6,27.2,2.3316919788378505
9.211545644161278,0.69025462034665,4.729164899961137,0.0,0.0,27.2,5.419419520307787
8.624838140306402,0.5867075038548766,4.3491521589754445,0.0,0.0,27.0,4.935859662830321
8.083299326207717,0.5415388140986845,4.32191679294637,0.0,0.0,26.8,4.863455607045054
7.62007419405485,0.5632251321528668,3.962826010523719,0.0,0.1,27.5,4.526051142676586
7.1499615649931965,0.47011262906165374,4.30582176376713,0.0,0.0,27.9,4.775934392828784
6.825570205281344,0.3243913597118526,3.157940917048246,0.0,0.0,26.9,3.482332276760099
6.10903826982704,0.716531935454304,7.601457514180554,0.0,0.0,26.1647,8.317989449634858
5.497531232230623,0.6115070375964171,7.298760478433398,0.0,0.0,26.0991,7.9102675160298155
4.939867676059202,0.5576635561714207,7.464379942488871,0.0,0.0,26.9762,8.022043498660292
4.376998077972828,0.8744795980863742,8.510287316613697,0.0,0.31161,27.2428,9.384766914700071
3.7864443925534372,0.6024097854193905,10.279623464817615,0.0,0.0118561,27.3817,10.882033250237004
3.2671036479807927,0.5193407445726446,10.544926697952716,0.0,0.0,26.8887,11.064267442525361
2.892773326911032,0.3743303210697606,8.752283718033823,0.0,0.0,25.9721,9.126614039103583
2.4873221650999278,0.4054511618111043,10.920221932151179,0.0,0.0,26.5523,11.325673093962283
2.161552737625321,0.3257694274746066,10.202721019487823,0.0,0.0,26.0574,10.52849044696243
1.8936056374277426,0.2679471001975786,9.65785793553857,0.0,0.0,25.4909,9.925805035736147
1.6796760805783584,0.2139295568493842,8.77720474287634,0.0,0.0,25.6819,8.991134299725724
1.4673314163545381,0.22448506422382025,9.924323659330797,0.0,0.0121404,26.9049,10.148808723554618
1.2914860507674208,0.17584536558711727,9.39804378208052,0.0,0.0,25.973,9.573889147667638
1.119566807403885,0.17191924336353592,10.541958354954811,0.0,0.0,26.7508,10.713877598318348
0.9549493032867002,0.16461750411718468,11.763296760319754,0.0,0.0,25.8612,11.92791426443694
0.8837586614988333,0.07119064178786694,5.739377020553599,0.0,0.0,27.3,5.810567662341466
0.805233662472706,0.0785249990261273,6.900338908626762,0.0,0.0,26.9,6.978863907652889
0.7354945009385223,0.06973916153418369,6.724468527815534,0.0,0.0,26.9,6.794207689349718
0.6876805263699867,0.047813974568535644,4.993587362996594,0.0,0.0,26.9,5.04140133756513
0.6360806801491519,0.0515998462208348,5.798322754338675,0.0,0.0,27.8,5.84992260055951
0.5928538002725674,0.04322687987658447,5.235091981322611,0.0,0.0,26.9,5.278318861199196
0.5570248352389002,0.03582896503366717,4.639521006711394,0.0,0.0,27.7,4.675349971745061
0.5127516817908138,0.044273153448086466,6.1670880624730025,0.0,0.0,27.3,6.211361215921089
0.47488968309008445,0.037861998700729316,5.715323947923854,0.0,0.0,27.9,5.753185946624583
0.4307571091540909,0.04413257393599357,7.271228791048892,0.0,0.0,27.5,7.315361364984885
0.38537891541102287,0.04537819374306801,8.30342179960997,0.0,0.0,27.8,8.348799993353037
0.3646943344636571,0.02068458094736575,4.11687666273386,0.0,0.0,27.1,4.137561243681226
0.3309906959655604,0.03370363849809671,7.238993620875561,0.0,0.0,27.6,7.2726972593736585
0.29855234745717385,0.03243834850838656,7.703435173501204,0.0,0.0,28.6,7.735873522009591
0.2717008533525688,0.026851494104605023,7.041420651350428,0.0,0.0,27.8,7.068272145455033
0.2478630522879988,0.023837801064570036,6.863057605799662,0.0,0.0,27.0,6.886895406864232
0.2246625920196599,0.023200460268338885,7.3475519989956135,0.0,0.0,27.9,7.370752459263953
0.20677083602392962,0.017891755995730285,6.206251594661675,0.0,0.0,26.9,6.224143350657406
0.18874647715316722,0.018024358870762397,6.822454425692575,0.0,0.0,27.2,6.840478784563337
0.17210919767431232,0.016637279478854905,6.904031092845859,0.0,0.0,27.6,6.920668372324713
0.15820775078624166,0.013901446888070657,6.302605891321067,0.0,0.0,27.6,6.316507338209138
0.14794362831102578,0.010264122475215881,5.020566100663672,0.0,0.0,27.5,5.030830223138888
0.13684096428637993,0.011102664024645853,5.839790174649818,0.0,0.0,27.7,5.850892838674464
0.12644220490589062,0.010398759380489314,5.917157341759169,0.0,0.0,28.0,5.9275561011396585
0.11827787080012261,0.008164334105768,4.997983072048443,0.0,0.0,27.8223,5.006147406154211
0.11188253421601645,0.006395336584106168,4.162642728076942,0.0,0.0,26.9,4.169038064661048
0.10451527158145807,0.0073672626345583775,5.101356663271141,0.0,0.0,27.7,5.108723925905699
0.09879031707516077,0.0057249545062973,4.2192954673055665,0.0,0.0,27.7,4.225020421811863
0.09134896598727207,0.007441351087888695,5.866005982955749,0.0,0.0,27.6,5.873447334043638
0.0855987321504454,0.005750233836826671,4.870486651675666,0.0,0.0,27.9,4.876236885512492
0.07923473282325208,0.006363999327193323,5.787815246373184,0.0,0.0,28.0,5.794179245700377
0.07310738419599533,0.006127348627256751,6.030275535493223,0.0,0.0,28.7,6.03640288412048
0.06970833806227283,0.003399046133722494,3.5673088165669307,0.0,0.0,28.1,3.570707862700653
0.06469930872418646,0.0050090293380863765,5.587697572123715,0.0,0.0,28.0,5.592706601461801
0.05996031679001879,0.004738991934167665,5.7003280492160435,0.0,0.0,27.4,5.705067041150211
0.05517471133294923,0.004785605457069561,6.233582116462599,0.0,0.0,28.4,6.238367721919668
0.051166928514142666,0.004007782818806566,5.651841547013606,0.0,0.0,27.6,5.655849329832413
0.04712913149965195,0.004037797014490717,6.161118419049833,0.0,0.0,28.6,6.165156216064324
0.04325500151053192,0.003874129989120033,6.429509203876655,0.0,0.0,28.4,6.433383333865774
0.04003812534442734,0.003216876166104575,5.792838231785717,0.0,0.0,28.4,5.796055107951822
0.03664466828020858,0.0033934570642187648,6.63892099519737,0.0,0.0,28.4,6.642314452261588
0.03386149032045111,0.0027831779597574657,5.921433158938647,0.0,0.0,28.4,5.924216336898404
0.030228701953824686,0.003632788366626425,8.507856291363272,0.0,0.0,28.9,8.511489079729898
0.027478963394179125,0.0027497385596455606,7.150084592300138,0.0,0.0,28.8,7.152834330859784
0.025178224750220333,0.0023007386439587926,6.555790813443956,0.0,0.0,28.4,6.558091552087914
0.023020937382597185,0.002157287367623148,6.715997782826678,0.0,0.0,28.6,6.718155070194301
0.02152459605473509,0.0014963413278620934,5.039091584693133,0.0,0.0,28.1,5.040587926020995
0.0192099113228515,0.002314684731883593,8.53042955786067,0.0,0.0,29.7,8.532744242592553
0.01665879090648224,0.002551120416369259,10.68407146272021,0.0,0.0,27.1919,10.686622583136579
0.015227287375814212,0.0014315035306680275,6.737244921773071,0.0,0.0,28.4,6.738676425303739
0.014065341200918305,0.0011619461748959073,5.951988549981578,0.0,0.0,28.5,5.953150496156473
0.013015981874908503,0.0010493593260098022,5.814129874634164,0.0,0.0,27.7,5.8151792339601736
0.011994864264260175,0.0010211176106483272,6.126433671704404,0.0,0.0,27.7,6.127454789315052
0.010483816830124148,0.0015110474341360272,10.096921422482957,0.0,0.0,29.3,10.098432469917093
0.009528092223384809,0.0009557246067393391,7.168166980345241,0.0,0.0,28.6,7.16912270495198
0.008531110244562412,0.0009969819788223973,8.288378058627314,0.0,0.0,28.9,8.289375040606137
0.007808246716149187,0.0007228635284132244,6.639706950139722,0.0,0.0,28.4,6.640429813668135
0.007172609473900382,0.0006356372422488049,6.367682966575458,0.0,0.0,27.8,6.368318603817707
0.00667824724642142,0.0004943622274789627,5.355553155499174,0.0,0.0,27.7,5.356047517726653
0.006131969332214618,0.0005462779142068018,6.399924106913502,0.0,0.0,27.7,6.40047038482771
0.005634994348736922,0.0004969749834776958,6.338489159187355,0.0,0.0,28.7,6.338986134170833
0.005076148888214805,0.0005588454605221175,7.832685908307504,0.0,0.0,28.4,7.833244753768026
0.004665045903474474,0.00041110298474033094,6.333729421834722,0.0,0.0,28.8,6.334140524819462
0.004232260542570533,0.00043278536090394105,7.301673465895066,0.0,0.0,28.9,7.30210625125597
0.003913031228956443,0.0003192293136140894,5.881475784848084,0.0,0.0,28.6,5.881795014161699
0.003527244941969879,0.00038578628698656423,7.784256275850551,0.0,0.0,29.3,7.784642062137538
0.0031415096043984976,0.00038573533757138134,8.685637744805044,0.0,0.0,29.7,8.686023480142616
0.002899523084658838,0.00024198651973965975,6.011546529891007,0.0,0.0,28.7,6.011788516410746
0.0026177148292733806,0.0002818082553854573,7.668058338263798,0.0,0.0,28.6,7.668340146519183
0.00248054587559786,0.0001371689536755205,4.03659439590558,0.0,0.0,28.2,4.036731564859256
0.00231077978723981,0.00016976608835805006,5.316850929970638,0.0,0.0,28.7,5.317020696058996
0.002129283265426704,0.00018149652181310592,6.13478923953232,0.0,0.0,28.7,6.134970736054133
0.001917838053722846,0.000211445211703858,7.843805309689733,0.0,0.0,28.5,7.844016754901437
0.001772287062641089,0.00014555099108175718,5.919431921140084,0.0,0.0,28.5,5.919577472131166
0.0016392415687482955,0.00013304549389279345,5.852654067491327,0.0,0.0,28.6,5.8527871129852205
0.0015230733270627564,0.00011616824168553903,5.512643149682149,0.0,0.0,28.7,5.512759317923835
0.0013983151853358751,0.0001247581417268813,6.409536218529351,0.0,0.0,29.7,6.409660976671078
0.0012743797115508924,0.00012393547378498275,6.9605145676542985,0.0,0.0,28.5,6.9606385031280835
0.0011819567950123165,9.242291653857593e-05,5.646522098081584,0.0,0.0,28.4,5.646614520998122
0.0010889057355431327,9.305105946918373e-05,6.149763416566493,0.0,0.0,28.7,6.149856467625963
0.0010128573329344394,7.604840260869335e-05,5.429766487943509,0.0,0.0,28.8,5.429842536346118
0.0009322880033289387,8.056932960550072e-05,6.216585036028543,0.0,0.0,28.8,6.216665605358148
0.0008813637768735458,5.092422645539289e-05,4.21279875793777,0.0,0.0,28.3,4.212849682164225
0.0007974538472597266,8.390992961381915e-05,7.503403071966789,0.0,0.0,28.9,7.503486981896402
0.0007238509761907938,7.360287106893278e-05,7.262808197230125,0.0,0.0,28.4,7.262881800101194
0.0006350464720376179,8.880450415317597e-05,9.816462946669603,0.0,0.0,29.5,9.816551751173757
0.0005820570385580196,5.2989433479598276e-05,6.534677000680304,0.0,0.0,29.3,6.534729990113783
0.0005203693999690825,6.16876385889371e-05,8.402151067122734,0.0,0.0,29.7,8.402212754761322
0.000485461094583333,3.490830538574951e-05,5.207949652803807,0.0,0.0,29.1,5.207984561109193
0.00043751119771152973,4.794989687180326e-05,7.799715765622913,0.0,0.0,28.9,7.799763715519784
0.0004045124725648132,3.299872514671656e-05,5.881446728214194,0.0,0.0,29.0,5.881479726939341
0.00036340336718324013,4.1109105381573045e-05,8.03764505471995,0.0,0.0,29.0,8.037686163825333
0.00032206805239566225,4.133531478757788e-05,9.056250337496403,0.0,0.0,29.0022,9.05629167281119
0.0002915254472461135,3.054260514954874e-05,7.472636944347235,0.0,0.0,29.6,7.472667486952385
0.0002548973313938179,3.6628115852295614e-05,10.069947681850998,0.0,0.0,29.2,10.06998430996685
0.00023203186023246805,2.286547116134985e-05,7.048938480047161,0.0,0.0,28.8,7.048961345518322
0.0002089511084223283,2.3080751810139753e-05,7.858056710806839,0.0,0.0,29.7,7.858079791558649
0.00018892700359505316,2.002410482727514e-05,7.555448289448108,0.0,0.0,28.9,7.555468313552936
0.00017078095243113433,1.814605116391883e-05,7.5734039049008555,0.0,0.0,29.7,7.573422050952019
0.00015209837560498264,1.8682576826151685e-05,8.689049016416574,0.0,0.0,28.2637,8.6890676989934
0.00013672110934242828,1.5377266262554362e-05,7.993812123535603,0.0,0.0,29.1,7.993827500801866
0.00012400218814625656,1.2718921196171721e-05,7.323282852897868,0.0,0.0,29.0,7.323295571819064
0.00011226245962411304,1.1739728522143522e-05,7.459465193958732,0.0,0.0,29.0,7.459476933687254
9.887055021773398e-05,1.3391909406379053e-05,9.527093986954561,0.0,0.0,29.2,9.527107378863969
8.91910301958537e-05,9.67952002188028e-06,7.727311178148678,0.0,0.0,29.2,7.7273208576687
8.27909400882046e-05,6.400090107649105e-06,5.584631600455536,0.0,0.0,28.8,5.5846380005456435
7.405499679379177e-05,8.735943294412826e-06,8.363287696251904,0.0,0.0,28.8,8.363296432195199
6.646372656813941e-05,7.591270225652363e-06,8.11136866246661,0.0,0.0,28.7,8.111376253736836
6.083347187317975e-05,5.630254694959661e-06,6.638707268368066,0.0,0.0,27.9,6.638712898622761
5.5827148915973e-05,5.006322957206753e-06,6.440985314267661,0.0,0.0,29.1,6.440990320590618
5.1401934249544186e-05,4.4252146664288105e-06,6.193832153095664,0.0,0.0,28.0,6.19383657831033
4.788830338877143e-05,3.5136308607727586e-06,5.310335230988997,0.0,0.0,27.3,5.310338744619858
4.601081949082324e-05,1.8774838979481896e-06,2.9996014713337376,0.0,0.0,27.8,2.9996033488176357
4.345790642118629e-05,2.5529130696369464e-06,4.281280499479765,0.0,0.0,28.2,4.281283052392834
3.895290928196744e-05,4.504997139218854e-06,8.207945909647831,0.0,0.0,29.7,8.207950414644971
3.49690192436125e-05,3.98389003835494e-06,8.091817808287605,0.0,0.0,29.5,8.091821792177644
3.131439770224567e-05,3.6546215413668252e-06,8.278835552513417,0.0,0.0,29.2,8.278839207134958
2.8432369344094576e-05,2.8820283581510974e-06,7.241226155879307,0.0,0.0,29.6,7.241229037907665
2.458089338893625e-05,3.851475955158326e-06,10.916907057075479,0.0,0.0,27.79,10.916910908551435
2.2049820724695357e-05,2.531072664240893e-06,8.149870833180481,0.0,0.0,29.8,8.149873364253144
2.1144448894518517e-05,9.053718301768397e-07,3.1445288971752716,0.0,0.0,29.8,3.144529802547102
1.915461533791479e-05,1.9898335566037263e-06,7.412526337063805,0.0,0.0,29.0,7.412528326897362
1.7977129951785207e-05,1.1774853861295836e-06,4.75824666621615,0.0,0.0,28.2,4.758247843701536
1.6283773086351717e-05,1.6933568654334906e-06,7.419845509336972,0.0,0.0,29.7,7.419847202693838
1.4964335012970308e-05,1.3194380733814087e-06,6.337453051933561,0.0,0.0,28.5,6.337454371371634
1.3163873115479345e-05,1.8004618974909633e-06,9.614511590605103,0.0,0.0,30.0,9.614513391067
1.2035588078034585e-05,1.1282850374447597e-06,6.720618241161729,0.0,0.0,29.6,6.720619369446767
1.071246089778118e-05,1.3231271802534052e-06,8.734521196050888,0.0,0.0,29.8,8.734522519178068
9.454658049865756e-06,1.257802847915424e-06,9.367506120393324,0.0,0.0,30.0,9.367507378196173
8.385118578615126e-06,1.0695394712506297e-06,9.003673815139921,0.0,0.0,30.3,9.003674884679393
7.463881969786237e-06,9.212366088288891e-07,8.728715586934044,0.0,0.0,30.1,8.728716508170653
6.7610975020253585e-06,7.027844677608786e-07,7.416780865220904,0.0,0.0,29.7,7.416781568005372
6.347176968976353e-06,4.139205330490053e-07,4.738131111774004,0.0,0.0,29.1,4.738131525694538
5.824103382567831e-06,5.230735864085221e-07,6.450380504972928,0.0,0.0,29.1,6.450381028046515
5.269136080789368e-06,5.549673017784627e-07,7.510397766673521,0.0,0.0,29.0,7.510398321640823
4.853710918038453e-06,0.7000004154251627,6.159214643728595,0.0,0.7,28.2,6.859215059153758
4.381907133395216e-06,4.718037846432373e-07,7.66946217190003,0.0,0.0,28.9,7.669462643703815
4.06936837332475e-06,3.1253876007046633e-07,5.549718559164833,0.0,0.0,28.0,5.549718871703593
3.796387193947921e-06,0.7000002729811793,5.207843766223345,0.0,0.7,27.6,5.907844039204524
3.5040270093651363e-06,2.9236018458278486e-07,6.010274322330834,0.0,0.0,28.2,6.010274614691019
13.353459072327762,3.646544431699247,0.0,0.0,17.0,27.6,3.646544431699247
13.07192251290333,0.881536559424433,1.3166269986323327,0.0,0.6,27.1,2.1981635580567658
11.87652287608507,1.5953996368182586,5.997327349900949,0.0,0.4,29.4,7.592726986719208
10.59917675060762,1.2773461254774503,7.256697686779695,0.0,0.0,29.4,8.534043812257146
10.006774984980717,0.5924017656269029,3.721146057220902,0.0,0.0,27.4,4.313547822847805
9.988518842978845,7.618256142001872,0.11869718735488011,0.0,7.6,29.5,7.736953329356752
8.92700710004168,1.0615117429371654,7.365123019110426,0.0,0.0,29.7,8.426634762047591
8.008432996496746,0.918574103544934,7.225381633864577,0.0,0.0,29.8,8.143955737409511
7.332388386941229,0.6760446095555164,5.938491214052779,0.0,0.0,28.7,6.614535823608295
6.691165458931584,0.6412229280096451,6.222269470937952,0.0,0.0,28.8,6.863492398947597
6.174583830155118,0.516581628776466,5.509412153134756,0.0,0.0,29.7,6.025993781911222
5.580673339796539,0.5939104903585788,6.990992883812538,0.0,0.0,27.4,7.584903374171117
4.937061546468224,0.643611793328315,8.546821738571284,0.0,0.0,29.7,9.190433531899599
4.488589169068866,0.44847237739935863,6.693919330154029,0.0,0.0,30.5,7.142391707553387
4.047053128399299,0.44153604066956653,7.324672145308493,0.0,0.0,28.223,7.766208185978059
3.6288298633008287,0.4182232650984705,7.762682913850648,0.0,0.0,27.61,8.180906178949119
3.285475215936498,0.34335464736433075,7.11156590836061,0.0,0.0,26.786,7.454920555724941
2.9877710685554857,0.5109691473810123,6.826070088129948,0.0,0.213265,27.0942,7.337039235510961
2.6174713751877206,0.37029969336776514,9.55361927807272,0.0,0.0,28.2043,9.923918971440486
2.3194175111129147,1.0479808640748058,8.768894616586993,0.0,0.749927,28.6337,9.816875480661798
2.0833076972906723,0.23872557382224238,7.8158310602275565,0.0,0.00261576,28.2392,8.0545566340498
1.840311918563769,0.28414517872690326,9.058638583143214,0.0,0.0411494,27.7803,9.342783761870118
1.644097474521896,0.23633794404187317,8.259547475784776,0.0,0.0401235,27.3536,8.49588541982665
1.5319970828443765,1.9487503916775193,5.184356016826028,0.0,1.83665,27.2267,7.133106408503547
1.3458832908869935,0.18785563195738297,9.52800979398525,0.0,0.00174184,27.851,9.715865425942633
1.1707122306538653,0.17517106023312823,10.282694810271755,0.0,0.0,28.234,10.457865870504882
1.0297613980151883,0.141081208638677,9.480438023998845,0.0,0.000130376,28.3051,9.621519232637523
0.9186230942237117,0.1111383037914766,8.454348425612046,0.0,0.0,27.9258,8.565486729403522
0.8374150801621929,0.2286990140615188,6.860495774439246,0.0,0.147491,27.6533,7.089194788500765
0.7896301048023163,2.5097749753598766,4.358858601776222,0.0,2.46199,28.6028,6.868633577136099
0.7392531849918934,0.05104877681042291,4.893934098347333,0.0,0.000671857,27.0988,4.944982875157756
0.6696027732209431,0.18812541177095032,7.352035065079781,0.0,0.118475,27.7932,7.5401604768507315
0.5947613974250743,0.1521556757958688,8.814484753264521,0.0,0.0773143,28.428,8.96664042906039
0.5249188979061181,0.08864029951895616,9.298898143584447,0.0,0.0187978,28.3059,9.387538443103404
0.46796062885569983,0.3206292690504183,8.557512066754114,0.0,0.263671,28.1251,8.878141335804532
0.42050125476273037,0.06740777409296947,7.972793322077702,0.0,0.0199484,27.9008,8.040201096170671
0.4066301160580451,3.284631138704685,2.501891129727019,0.0,3.27076,26.7064,5.786522268431704
0.3781094948723313,1.904210621185714,5.425490165766677,0.0,1.87569,27.4551,7.329700786952391
0.3344008086069427,0.1016604862653886,9.169555565544558,0.0,0.0579518,27.9199,9.271216051809946
0.29657221005531215,0.037828598551630566,8.96588907662291,0.0,0.0,28.0737,9.00371767517454
0.2693854920006187,0.13841871805469347,7.183862339433238,0.0,0.111232,27.157,7.322281057487932
0.23940219037708887,0.0884882016235298,8.819901722995484,0.0,0.0585049,28.0126,8.908389924619014
0.21247070310833602,0.08994408726875286,8.923630867166315,0.0,0.0630126,28.0001,9.013574954435068
0.19178753872193727,0.46879816438639876,7.660510907827142,0.0,0.448115,27.4736,8.129309072213541
0.18287878743366606,0.008908751288271205,3.558437789237067,0.0,0.0,26.9,3.567346540525338
0.2681125944136197,4.914766193020046,0.0,0.0,5.0,27.4,4.914766193020046
1.5048092130222872,5.9633033813913325,0.0,0.0,7.2,28.2,5.9633033813913325
1.3384354511252508,0.16637376189703645,8.620983491501516,0.0,0.0,29.4,8.787357253398552
1.1741131358657548,0.16432231525949592,9.659798190429232,0.0,0.0,29.1,9.824120505688727
1.041325843538318,0.1327872923274369,8.868587745865153,0.0,0.0,29.5,9.00137503819259
0.9389715699431196,0.10235427359519833,7.657507823536958,0.0,0.0,29.5,7.759862097132156
0.8722789901015684,0.06669257984155119,5.45899889144281,0.0,0.0,28.9,5.525691471284361
0.7933753873666167,0.07890360273495167,7.032058620048394,0.0,0.0,29.2,7.110962222783345
0.7420140038213333,0.05136138354528341,4.968266352524244,0.0,0.0,28.9,5.019627736069528
0.7273330658413726,3.214680937979961,1.4840895202564761,0.0,3.2,27.3,4.698770458236437
72.512556215521,1.614776850320381,0.0,0.0,73.4,23.6,1.614776850320381
73.66634233933294,3.2462138761880635,0.0,0.0,4.4,26.2,3.2462138761880635
69.91599291952905,3.7503494198038965,0.16851983055142306,0.0,0.0,27.2,3.9188692503553195
66.04363165710099,3.8723612624280577,0.4010495537631966,0.0,0.0,27.4,4.273410816191254
68.93401839726634,3.5096132598346452,0.0,0.0,6.4,27.2,3.5096132598346452
64.88510641997514,4.048911977291198,0.49096399732627827,0.0,0.0,28.6,4.539875974617476
60.996707400789504,3.8883990191856412,0.7464679787953816,0.0,0.0,27.9,4.634866997981023
75.0,1.3895994035858985,0.0,9.007107997203605,24.4,25.3,1.3895994035858985
74.38694471454185,2.2130552854581453,0.0025193166607486717,0.0,1.6,25.1,2.215574602118894
75.0,1.0183991092750027,0.0,39.36854560526685,41.0,24.4,1.0183991092750027
75.0,2.852492224435002,0.0,3.7475077755649977,6.6,26.5,2.852492224435002
69.70978214874822,5.290217851251782,0.19584158503574223,0.0,0.0,27.8,5.486059436287524
66.00204533795016,3.7077368107980533,0.39138240449859296,0.0,0.0,28.4,4.099119215296646
61.81545123351717,4.1865941044329915,0.7283342711794942,0.0,0.0,28.0,4.914928375612486
56.574053837858735,5.2413973956584385,1.4038190413276386,0.0,0.0,28.8,6.645216436986077
51.65854944168708,4.915504396171656,1.9016025302540305,0.0,0.0,28.6,6.817106926425686
48.511955161397516,3.1465942802895626,1.5668139137578612,0.0,0.0,27.5,4.713408194047424
46.98662276686529,1.525332394532228,0.8707170948393097,0.0,0.0,26.8,2.3960494893715376
61.91731422625902,2.3693085406062657,0.0,0.0,17.3,25.7,2.3693085406062657
64.65200468438512,1.5653095418739014,0.0,0.0,4.3,25.0,1.5653095418739014
75.0,1.8282876970575659,0.0,8.623716987327555,20.8,25.8,1.8282876970575659
70.87649121216107,4.32350878783893,0.11768958810417818,0.0,0.2,27.5,4.441198375943108
67.38260080934788,3.493890402813193,0.29750700924109585,0.0,0.0,27.5,3.791397412054289
63.650963418068166,3.931637391279712,0.5412907555325068,0.0,0.2,27.3,4.472928146812219
57.12645322975156,6.524510188316604,1.5865277650012306,0.0,0.0,26.7,8.111037953317835
55.094347631745045,2.532105598006517,0.6844064980210813,0.0,0.5,26.9,3.216512096027598
53.882534747126385,1.2118128846186593,0.45624204094107923,0.0,0.0,25.7,1.6680549255597386
56.14715752926083,1.535377217865552,0.0,0.0,3.8,25.0,1.535377217865552
75.0,1.8209940505465103,0.0,14.72616347871432,35.4,24.6,1.8209940505465103
73.7309745232932,1.9690254767068012,0.01085883548394273,0.0,0.7,26.0,1.979884312190744
75.0,2.534605757178416,0.0,0.396368766114783,4.2,26.6,2.534605757178416
73.6180741272863,1.681925872713694,0.0128900448738698,0.0,0.3,25.3,1.694815917587564
75.0,3.001514178424708,0.0,8.616559948861598,13.0,25.9,3.001514178424708
73.029805008347,1.9701949916530026,0.026340103031132545,0.0,0.0,25.4,1.9965350946841351
75.0,1.7429736804992941,0.0,18.686831327847703,22.4,25.0,1.7429736804992941
75.0,1.5847559056729021,0.0,2.615244094327098,4.2,25.4,1.5847559056729021
71.88017606928433,3.2198239307156684,0.06674622939007557,0.0,0.1,26.6,3.286570160105744
67.74102705148937,4.1391490177949635,0.3089886665112669,0.0,0.0,27.5,4.44813768430623
65.52916890276602,3.9118581487233515,0.27788975165347374,0.0,1.7,27.4,4.189747900376825
62.836864044203715,2.692304858562302,0.4542047874070345,0.0,0.0,26.8,3.1465096459693367
61.05358065283265,1.7832833913710644,0.375970983930181,0.0,0.0,25.2,2.1592543753012454
73.94790489269326,2.9056757601393937,0.0,0.0,15.8,26.1,2.9056757601393937
68.71985307794871,5.228051814744546,0.27115200967790365,0.0,0.0,26.358,5.49920382442245
62.734408126759725,5.985444951188988,0.8491601955909243,0.0,0.0,26.5556,6.8346051467799125
58.065307572234055,4.70785065452567,1.131527046882753,0.0,0.0387501,26.2494,5.839377701408423
54.026382646478496,4.165852925755559,1.3682656944081035,0.0,0.126928,26.5316,5.534118620163663
51.198899728040104,3.2755489184383917,1.204101030578605,0.0,0.448066,26.1819,4.479649949016997
52.7764660667216,2.5492436613185014,0.0,0.0,4.12681,25.5064,2.5492436613185014
49.82109738513066,3.54299568159094,1.3666440428342894,0.0,0.587627,27.1145,4.9096397244252294
45.17307856632542,4.683226518805241,2.6972737414734045,0.0,0.0352077,27.9101,7.380500260278645
43.32062670926461,1.8524518570608137,1.2879791519288868,0.0,0.0,26.313,3.1404310089897005
41.68697246839784,1.8336542408667682,1.2493622468687329,0.0,0.2,27.1306,3.083016487735501
38.393735743732755,3.9932367246650857,2.878839866727568,0.0,0.7,27.5597,6.872076591392654
34.60699834940435,3.786737394328405,4.001141748271485,0.0,0.0,27.0952,7.78787914259989
33.68458194062687,3.6224164087774797,1.1037612829067847,0.0,2.7,27.101,4.726177691684264
30.870988708392346,2.813593232234524,3.728158569543896,0.0,0.0,27.2741,6.54175180177842
29.009480742100173,1.861507966292173,2.803054591058455,0.0,0.0,26.8346,4.664562557350628
55.05535878375516,5.654121958345013,0.0,0.0,31.7,27.3728,5.654121958345013
50.96553575925112,4.089823024504042,1.6993945384234062,0.0,0.0,27.5627,5.7892175629274485
48.22043225199301,4.645103507258108,1.4074063416806517,0.0,1.9,26.5044,6.05250984893876
47.84393206349151,3.5765001885015026,0.2113902102134193,0.0,3.2,27.0067,3.787890398714922
51.33410484021131,2.309827223280201,0.0,0.0,5.8,25.7043,2.309827223280201
61.25938684332799,1.8747179968833192,0.0,0.0,11.8,24.884,1.8747179968833192
70.93709896572305,4.922287877604941,0.0,0.0,14.6,26.545,4.922287877604941
65.55460142464021,5.3824975410828415,0.5357636635320571,0.0,0.0,27.0478,5.918261204614899
60.25986762310984,5.29473380153037,1.0215462970220068,0.0,0.0,27.3515,6.316280098552377
56.840525637207165,3.419341985902676,0.9619169706717363,0.0,0.0,27.3586,4.3812589565744124
51.775796209378804,5.064729427828361,1.9347779792050073,0.0,0.0,27.7524,6.999507407033368
48.413628038655176,4.1621681707236275,1.6734398508223052,0.0,0.8,27.5842,5.835608021545933
44.21093570680049,4.202692331854685,2.6079956035959357,0.0,0.0,26.829,6.810687935450621
41.01840901182818,3.192526694972308,2.4288137880640512,0.0,0.0,26.8153,5.621340483036359
40.503933526390064,4.514475485438119,0.43216496838818586,0.0,4.0,26.9973,4.946640453826305
36.422262612236494,4.48167091415357,3.8847462553203176,0.0,0.4,28.1527,8.366417169473888
32.835326251437614,3.5869363607988802,4.188706806485018,0.0,0.0,27.7596,7.775643167283898
29.75312873917583,3.0821975122617857,4.310602101432173,0.0,0.0,27.6922,7.392799613693959
27.507666621912794,2.2454621172630347,3.639753539866355,0.0,0.0,27.1461,5.88521565712939
25.83143583535074,2.876230786562055,3.039211109304089,0.0,1.2,27.4455,5.915441895866144
33.0198135563457,6.011622279005038,0.0,0.0,13.2,27.3601,6.011622279005038
31.457705946411032,1.562107609934671,2.0726786510797295,0.0,0.0,26.7075,3.6347862610144004
29.668970131717625,2.5887358146934067,2.601933110632732,0.0,0.8,27.1454,5.190668925326139
41.87189396707769,5.797076164639938,0.0,0.0,18.0,27.6233,5.797076164639938
38.71351605891705,3.158377908160638,2.7235737601305896,0.0,0.0,27.3727,5.881951668291228
75.0,7.109466128222834,0.0,20.604049930694217,64.0,27.5934,7.109466128222834
69.10053723110971,5.899462768890288,0.24495783879455146,0.0,0.0,27.4055,6.1444206076848396
63.39169099048848,5.708846240621234,0.7583819727588255,0.0,0.0,27.7793,6.46722821338006
57.90860060186169,5.483090388626785,1.3019256134728812,0.0,0.0,27.741,6.785016002099666
53.7105784116907,4.198022190170995,1.4461735252846042,0.0,0.0,28.0878,5.6441957154555995
49.13458046198038,4.57599794971032,2.102519529249589,0.0,0.0,28.0231,6.678517478959909
46.88418006357764,4.850400398402739,1.2658071138042564,0.0,2.6,27.9612,6.116207512206995
57.02817973826879,4.656000325308845,0.0,0.0,14.8,28.2952,4.656000325308845
59.869146465937916,1.1590332723308752,0.0,0.0,4.0,28.3344,1.1590332723308752
54.4003631936596,5.468783272278316,1.7155010916190818,0.0,0.0,27.8398,7.184284363897397
49.66542940400757,4.7349337896520325,2.0946955519952013,0.0,0.0,28.1433,6.829629341647234
47.00705299214316,2.6583764118644098,1.4674824524428312,0.0,0.0,27.5513,4.125858864307241
45.207888800430815,1.799164191712343,1.1277896724260885,0.0,0.0,27.2729,2.9269538641384316
42.659502926453506,2.5483858739773098,1.8032297459444333,0.0,0.0,27.1053,4.351615619921743
48.912447250620936,6.947055675832571,0.0,0.0,13.2,27.9931,6.947055675832571
42.81060892647169,6.101838324149249,3.8916090587901095,0.0,0.0,27.4043,9.993447382939358
37.52000956740426,5.2905993590674285,4.60276800495139,0.0,0.0,27.4563,9.893367364018818
34.97403388603638,2.545975681367878,2.7241604648490743,0.0,0.0,27.1952,5.270136146216952
32.81462656417207,2.1594073218643075,2.6204588798847634,0.0,0.0,27.239,4.779866201749071
30.749389070322376,2.065237493849697,2.8100791113895864,0.0,0.0,26.8643,4.875316605239283
28.12438833054338,2.625000739778997,4.067475338918193,0.0,0.0,27.1098,6.69247607869719
25.27968637694211,2.8447019536012697,5.152994207481007,0.0,0.0,27.2934,7.997696161082277
23.775795413865268,3.5038909630768416,3.0960914965061024,0.0,2.0,27.5256,6.599982459582944
21.955440528969525,1.8203548848957425,4.1536272300942905,0.0,0.0,27.0586,5.973982114990033
19.727145999674423,2.228294529295102,5.798153882468888,0.0,0.0,26.8365,8.02644841176399
33.22926614540605,4.697879854268371,0.0,0.0,18.2,27.2465,4.697879854268371
29.73837316852698,3.4908929768790706,4.833564044595484,0.0,0.0,27.3555,8.324457021474554
26.66550012586667,3.0728730426603086,5.107199805005303,0.0,0.0,27.1119,8.180072847665611
24.32651848193366,2.3389816439330104,4.5462845235459755,0.0,0.0,27.3554,6.885266167478986
22.893155377020197,1.4333631049134645,3.121317656530387,0.0,0.0,26.1087,4.554680761443851
20.934562505474346,1.95859287154585,4.7491425699579395,0.0,0.0,26.4546,6.7077354415037895
19.70645044900965,1.2281120564646955,3.306049347600889,0.0,0.0,26.2741,4.534161404065585
17.98395158739164,1.7224988616180106,5.137468717151436,0.0,0.0,25.6337,6.859967578769447
16.318930457994064,1.6650211293975765,5.621526620538942,0.0,0.0,25.8881,7.286547749936519
14.665276344767996,1.653654113226068,6.359590810098997,0.0,0.0,26.2573,8.013244923325065
13.055712759133128,1.6095635856348682,7.109692572966528,0.0,0.0,26.0119,8.719256158601397
11.724704603926268,1.3310081552068596,6.733567618338302,0.0,0.0,27.5353,8.064575773545162
10.67435432243814,1.0503502814881287,5.988703322419179,0.0,0.0,27.3998,7.039053603907307
9.495361371349,1.178992951089139,7.599057269464936,0.0,0.0,27.0201,8.778050220554075
8.632930870141475,0.962430501207525,6.279020078883071,0.0,0.1,26.64,7.2414505800905955
7.7444979859780805,0.8884328841633948,7.25667268923713,0.0,0.0,26.3249,8.145105573400524
7.682927310325044,3.461570675653036,0.5370807652641996,0.0,3.4,26.456,3.998651440917236
6.713555748393128,0.9693715619319159,9.14602141169362,0.0,0.0,26.7603,10.115392973625536
6.259090100259407,3.2544656481337215,4.802577247029553,0.0,2.8,27.2937,8.057042895163274
5.451330173024654,0.8077599272347529,9.555378258591933,0.0,0.0,27.436,10.363138185826687
4.778073274754815,0.6732568982698384,9.213412803545253,0.0,0.0,26.972,9.88666970181509
4.23951157398791,0.5385617007669055,8.430637063362264,0.0,0.0,26.6748,8.96919876412917
3.977931738168654,3.461579835819256,4.5148737151797125,0.0,3.2,27.1731,7.9764535509989685
3.473653169783639,0.5042785683850153,9.662360951534488,0.0,0.0,27.4303,10.166639519919503
3.025166406593388,0.44848676319025094,9.91956771941987,0.0,0.0,26.6772,10.368054482610122
2.6771293031930035,0.3480371034003844,8.818540560089241,0.0,0.0,26.772,9.166577663489626
5.97007788215349,6.707051421039514,0.0,0.0,10.0,26.9381,6.707051421039514
5.553437363250464,0.41664051890302556,5.009076391064742,0.0,0.0,26.8862,5.425716909967767
5.163660341008314,0.38977702224214994,5.068076804028716,0.0,0.0,26.3849,5.457853826270866
4.62906724757523,0.5345930934330845,7.662179933628748,0.0,0.0,26.1095,8.196773027061832
4.052460057760393,0.5766071898148368,9.400738136218994,0.0,0.0,27.1227,9.97734532603383
3.6048304019721793,0.44762965578821357,8.331074892280903,0.0,0.0,26.3158,8.778704548069117
3.378881538605337,2.0259488633668425,4.628799292538996,0.0,1.8,26.5069,6.654748155905838
27.270717336684328,0.9081642019210107,0.0,0.0,24.8,26.9691,0.9081642019210107
29.852427578524217,7.418289758160111,0.0,0.0,10.0,27.2935,7.418289758160111
26.098548759262044,3.753878819262173,6.3251051374541145,0.0,0.0,25.661,10.078983956716288
23.099862226623028,2.9986865326390166,6.155292696972639,0.0,0.0,25.6422,9.153979229611656
20.479706301297398,2.62015592532563,6.409258623398896,0.0,0.0,25.2139,9.029414548724526
18.36060599392533,2.1191003073720687,6.072929827036397,0.0,0.0,25.7414,8.192030134408466
16.73670594341638,1.6239000505089507,5.321334154116981,0.0,0.0,26.4983,6.945234204625931
14.771449097589938,1.9652568458264401,7.402848068244573,0.0,0.0,25.8858,9.368104914071013
13.230772989027239,1.5406761085626997,6.720633831225959,0.0,0.0,25.4252,8.261309939788658
11.692237314464341,1.5385356745628975,7.732983765233907,0.0,0.0,25.8715,9.271519439796805
10.489164333135232,1.2030729813291092,6.940606130986142,0.0,0.0,26.7071,8.143679112315251
9.459314145217641,1.0298501879175905,6.720865520692597,0.0,0.0,26.7651,7.750715708610188
8.33372948169492,1.1255846635227211,8.376075865704864,0.0,0.0,26.626,9.501660529227586
7.497361188575489,0.8363682931194312,7.095628389281821,0.0,0.0,26.0996,7.931996682401252
6.531524994742222,0.9658361938332671,9.377463634020952,0.0,0.0,25.5898,10.343299827854219
5.891180171440181,0.6403448233020415,7.098463162616611,0.0,0.0,25.5495,7.738807985918652
5.142466425398668,0.7487137460415125,9.445551197636558,0.0,0.0,25.4844,10.19426494367807
4.603952708627794,0.5385137167708738,7.757805883462089,0.0,0.0,25.308,8.296319600232962
4.171591078426696,0.43236163020109863,6.963966048943658,0.0,0.0,25.551,7.396327679144757
3.7242823957299116,0.44730868269678403,8.05944097624009,0.0,0.0,26.8113,8.506749658936874
3.332732429256031,2.2915499664738803,7.939575356983875,0.0,1.9,26.63,10.231125323457755
4.4280816877584375,8.904650741497594,0.0,0.0,10.0,26.1927,8.904650741497594
4.026017057935598,0.4020646298228394,6.737102759709637,0.0,0.0,26.0369,7.139167389532476
30.83620320562895,6.789813852306648,0.0,0.0,33.6,26.3305,6.789813852306648
27.79341767999723,3.0427855256317216,4.748980216706156,0.0,0.0,25.5578,7.791765742337877
24.996395473497195,2.797022206500035,5.158046679551915,0.0,0.0,25.3948,7.95506888605195
22.113419376093905,2.88297609740329,6.308048721073915,0.0,0.0,25.3392,9.191024818477205
20.409591673709066,1.7038277023848387,4.309647202568366,0.0,0.0,24.8419,6.013474904953204
19.332918172075278,4.076673501633788,2.9880056966932447,0.0,3.0,26.0284,7.064679198327033
17.142330524286084,2.1905876477891937,6.828790398560638,0.0,0.0,25.2387,9.019378046349832
15.569103083652548,1.573227440633536,5.646459689533324,0.0,0.0,26.1997,7.21968713016686
13.750914684220739,1.8181883994318095,7.4955391791061885,0.0,0.0,26.3489,9.313727578537998
12.330556553584657,1.4203581306360817,6.756508624272984,0.0,0.0,26.8997,8.176866754909065
11.166945633426852,1.1636109201578044,6.270563257936725,0.0,0.0,26.6084,7.43417417809453
9.88201594275072,1.2849296906761332,7.883190175402236,0.0,0.0,26.6035,9.168119866078369
9.136658766237746,0.7453571765129734,5.136276082218404,0.0,0.0,26.244,5.8816332587313775
8.216381790379893,0.9202769758578526,7.042084244675357,0.0,0.0,26.8605,7.96236122053321
7.150351247322278,1.0660305430576154,9.356603932839882,0.0,0.0,26.3788,10.422634475897496
6.260543141222825,0.8898081060994532,9.077282084679707,0.0,0.0,26.267,9.96709019077916
5.598205242517264,0.6623378987055606,7.724228938073793,0.0,0.0,26.8734,8.386566836779354
4.997321930968,0.6008833115492642,7.9149091006571375,0.0,0.0,26.1938,8.515792412206402
4.445581286520668,0.5517406444473316,8.222623475482672,0.0,0.0,26.0945,8.774364119930004
3.8817494568674853,0.563831829653183,9.608019963598238,0.0,0.0,25.8311,10.171851793251422
3.4108211741068306,0.4709282827606547,9.229036752294249,0.0,0.0,26.1171,9.699965035054904
3.0536709222786897,0.35715025182814086,7.93849683724601,0.0,0.0,26.4608,8.295647089074151
2.759355897813065,0.29431502446562474,7.3067224131497515,0.0,0.0,26.3882,7.601037437615376
2.4446787546510005,0.3146771431620645,8.766589596781918,0.0,0.0,25.4791,9.081266739943983
2.16485252210378,0.2798262325472205,8.837285186718024,0.0,0.0,25.9648,9.117111419265244
1.914825667325724,0.250026854778056,8.954397410021203,0.0,0.0,26.4277,9.20442426479926
1.765703579844144,3.14912208748158,5.931678666679005,0.0,3.0,25.9731,9.080800754160585
1.5433137810676254,0.22238979877651865,9.873909896149065,0.0,0.0,25.6305,10.096299694925584
1.3865370880958474,0.156776692971778,7.877416457613149,0.0,0.0,26.8228,8.034193150584928
1.1828438984235325,0.20369318967231487,11.712885274808748,0.0,0.0,27.1001,11.916578464481063
1.0206668286519192,0.1621770697716134,10.897732056842388,0.0,0.0,26.851,11.059909126614002
0.8933124554700652,0.12735437318185394,9.868273059339685,0.0,0.0,26.6929,9.99562743252154
0.8029209012077655,0.09039155426229972,7.910624107705167,0.0,0.0,27.2203,8.001015661967466
27.265466142500426,8.337454758707338,0.0,0.0,34.8,27.1995,8.337454758707338
25.24381430722482,4.821651835275605,3.7563314539707404,0.0,2.8,26.6392,8.577983289246346
22.22838853226208,3.01542577496274,6.525392707959055,0.0,0.0,25.8584,9.540818482921795
19.417252786989202,2.8111357452728782,7.329482621895753,0.0,0.0,26.3333,10.140618367168631
17.082800116571935,2.3344526704172672,7.272287849707832,0.0,0.0,26.4745,9.606740520125099
15.352339788951978,1.7304603276199568,6.279856510635671,0.0,0.0,26.5215,8.010316838255628
13.489334472301218,1.86300531665076,7.839636499936644,0.0,0.0,26.8762,9.702641816587404
12.264453216793072,1.224881255508146,5.914686607141527,0.0,0.0,27.4014,7.139567862649673
10.757274802547595,1.5071784142454767,8.327034917643473,0.0,0.0,26.7535,9.83421333188895
9.363138296139658,1.3941365064079374,9.015993181661193,0.0,0.0,25.8827,10.41012968806913
8.25102047686818,1.1121178192714787,8.371154841668208,0.0,0.0,26.3157,9.483272660939686
7.22174999982809,1.0292704770400896,8.963698103988051,0.0,0.0,26.9835,9.99296858102814
6.464130344535093,0.7576196552929968,7.554541850731811,0.0,0.0,27.2709,8.312161506024808
5.733690487187867,2.7304398573472257,8.262742508716808,0.0,2.0,27.2826,10.993182366064035
5.0280235543866985,0.7056669328011687,9.144263976774697,0.0,0.0,26.8987,9.849930909575866
4.390790749614529,0.6372328047721698,9.526590142499023,0.0,0.0,27.3349,10.163822947271193
3.8510065737767567,0.5397841758377719,9.298323889237452,0.0,0.0,27.4061,9.838108065075224
3.285489470193962,0.5655171035827946,11.345901854743985,0.0,0.0,27.2949,11.911418958326779
2.8837427168493877,0.40174675334457444,9.380251059053357,0.0,0.0,26.7311,9.781997812397933
2.499392658588758,0.3843500582606296,10.343742876011298,0.0,0.0,27.0367,10.728092934271928
2.1612072732805623,0.33818538530819575,10.56537292147844,0.0,0.0,26.7522,10.903558306786636
1.8420967185901689,0.3191105546903934,11.663080285762858,0.0,0.0,26.2884,11.982190840453251
1.5797880636046666,0.26230865498550227,11.258722051261156,0.0,0.0,26.0712,11.521030706246657
1.4002961675892014,0.17949189601546522,8.866028495729902,0.0,0.0,26.3403,9.045520391745367
1.2469065148125724,0.15338965277662897,8.547965350600695,0.0,0.0,26.581,8.701355003377325
1.056827295248609,0.19007921956396334,12.21450030909233,0.0,0.0,27.4063,12.404579528656294
0.9283296323466377,0.1284976629019714,9.5944801442933,0.0,0.0,27.4218,9.72297780719527
0.8092466562302316,0.11908297611640606,10.177150733183014,0.0,0.0,26.7407,10.29623370929942
0.731041382784933,0.8782052734452986,7.54432159031479,0.0,0.8,26.7413,8.422526863760089
0.6499831160231814,0.08105826676175165,8.733217893810096,0.0,0.0,26.33,8.814276160571847
0.5655164105331714,0.08446670549001001,10.356063736343254,0.0,0.0,26.0861,10.440530441833264
0.5050826184383974,0.06043379209477395,8.415863549151013,0.0,0.0,26.0735,8.476297341245786
0.43221287714686357,0.07286974129153384,11.612413662464666,0.0,0.0,27.1795,11.6852834037562
0.36900727518747367,0.0632056019593899,11.79443526635397,0.0,0.0,27.4662,11.85764086831336
0.321066955065378,0.04794032012209565,10.389560354643379,0.0,0.0,26.9093,10.437500674765475
0.277532047863209,0.043534907202169015,10.884960329613481,0.0,0.0,27.0114,10.92849523681565
0.2405032675670767,0.037028780296132296,10.703176592400679,0.0,0.0,26.773,10.740205372696812
0.21140782072439282,0.029095446842683892,9.641750179196332,0.0,0.0,26.2881,9.670845626039016
0.18328939674541295,0.028118423978979873,10.676088646744695,0.0,0.0,26.6961,10.704207070723674
0.15588505112013917,0.027404345625273774,12.118652369924607,0.0,0.0,27.4768,12.14605671554988
0.1327912918796245,0.023093759240514683,12.002422902018814,0.0,0.0,27.0561,12.02551666125933
0.11186056802326004,0.02093072385636445,12.843481351076646,0.0,0.0,27.5312,12.86441207493301
0.09702937104278539,0.01483119698047465,10.653126835892408,0.0,0.0,27.4544,10.667958032872884
0.0859737823251295,0.011055588717655884,9.061794448926225,0.0,0.0,27.4693,9.072850037643882
0.0750850977119661,0.010888684613163405,10.145632810984974,0.0,0.0,27.4641,10.156521495598138
0.06756472349859387,0.007520374213372233,7.90768722909113,0.0,0.0,27.6594,7.915207603304502
0.05745298494305386,0.010111738555540005,12.148816630969913,0.0,0.0,27.1626,12.158928369525453
0.05024423136100044,0.007208753582053425,10.048132642551046,0.0,0.0,27.1232,10.0553413961331
0.043819016147567384,0.006425215213433054,10.25566426829885,0.0,0.0,27.4244,10.262089483512282
0.03752731216088991,0.0062917039866774715,11.618625017193729,0.0,0.0,27.4845,11.624916721180407
0.0321201401071449,0.10540717205374502,11.663523411007095,0.0,0.1,27.6286,11.76893058306084
0.027618508031333353,0.00450163207581155,11.32028253519029,0.0,0.0,27.9516,11.3247841672661
0.023337839307327957,0.004280668724005395,12.62647540036195,0.0,0.0,27.9454,12.630756069085956
0.019733010504005246,0.0036048288033227113,12.580131752306508,0.0,0.0,27.5969,12.58373658110983
0.016598334122451035,0.0031346763815542113,12.971157116335325,0.0,0.0,27.5006,12.97429179271688
0.014670028158581507,0.0019283059638695275,9.260258541840136,0.0,0.0,27.5389,9.262186847804005
0.012595744448306925,0.002074283710274582,11.431487984409356,0.0,0.0,27.564,11.433562268119632
0.010837145921752472,0.001758598526554453,11.276692255385587,0.0,0.0,27.4683,11.278450853912142
0.009454734283843328,0.001382411637909144,10.23342295235142,0.0,0.0,29.1258,10.234805363989329
0.008135953918374354,0.0013187803654689748,11.265376494100401,0.0,0.0,28.1423,11.26669527446587
0.006905245682013518,0.001230708236360836,12.299641412705194,0.0,0.0,28.3289,12.300872120941555
0.005969891835296935,0.000935353846716583,10.915506446256794,0.0,0.0,27.9012,10.916441800103511
0.0050004887556538945,0.0009694030796430402,13.288516877829002,0.0,0.0,27.6279,13.289486280908646
0.0042911338743822575,0.000709354881271637,11.47313972418806,0.0,0.0,27.7994,11.473849079069332
0.0037082509282917327,0.0005828829460905248,10.94871863057283,0.0,0.0,27.3563,10.949301513518922
0.003234015541053836,0.00047423538723789663,10.262207081288075,0.0,0.0,27.4673,10.262681316675312
0.002834554282112218,0.20039946125894162,9.887590155601403,0.0,0.2,27.1839,10.087989616860344
0.0025349632119070708,0.00029959107020514734,8.37761892664999,0.0,0.0,26.9406,8.377918517720195
0.002209264407259793,0.00032569880464727776,10.313637711673847,0.0,0.0,27.8559,10.313963410478495
0.0019055641798691768,0.00030370022739061617,11.090808093689423,0.0,0.0,28.0725,11.091111793916815
0.0016396699084466739,0.000265894271422503,11.2709722985467,0.0,0.0,27.0025,11.271238192818123
0.0013969326583662884,0.00024273725008038547,12.015962631953021,0.0,0.0,26.8905,12.016205369203101
0.0011880805220283004,0.00020885213633798803,12.14528188702197,0.0,0.0,26.8367,12.145490739158307
0.00103743214254744,0.00015064837948086033,10.16913174550417,0.0,0.0,26.7151,10.169282393883652
0.0009008439212945,0.00013658822125294,10.587750729108178,0.0,0.0,26.6141,10.58788731732943
0.0007803773473111856,0.00012046657398331439,10.766462007676747,0.0,0.0,26.7079,10.76658247425073
0.0006640906892051619,0.00011628665810602373,12.101798290299937,0.0,0.0,26.5225,12.101914576958043
0.000585733520654085,7.835716855107689e-05,9.416454920793342,0.0,0.0,26.8966,9.416533277961893
0.0005107469387507677,7.498658190331728e-05,10.274227753006912,0.0,0.0,27.3062,10.274302739588816
0.000446855602756071,6.389133599469675e-05,10.0228411555334,0.0,0.0,27.1955,10.022905046869393
0.0003933312436106992,5.3524359145371806e-05,9.568700737856288,0.0,0.0,26.7971,9.568754262215434
0.000331845743476672,6.14855001340272e-05,12.748579744167204,0.0,0.0,27.4617,12.748641229667339
0.0002821294587367065,4.971628473996549e-05,12.172764813509136,0.0,0.0,27.6845,12.172814529793877
0.00024264496852662314,3.948449021008336e-05,11.307462941410112,0.0,0.0,27.2255,11.307502425900323
0.00021076448058707407,3.188048793954906e-05,10.564320805449633,0.0,0.0,27.0821,10.564352685937573
0.00018024623256807229,3.051824801900179e-05,11.731276694806114,0.0,0.0,27.4683,11.731307213054134
0.0001527972208004063,2.7449011767666e-05,12.390886554285517,0.0,0.0,27.4348,12.390914003297285
0.0001315102956849392,2.1286925115467087e-05,11.251969614546464,0.0,0.0,27.6416,11.25199090147158
0.00011416721601838321,1.7343079666555985e-05,10.606554797364694,0.0,0.0,27.5554,10.60657214044436
0.00010110641201776718,1.306080400061603e-05,9.111784512993667,0.0,0.0,27.4471,9.111797573797668
8.66001156013717e-05,1.4506296416395484e-05,11.615415200365641,0.0,0.0,27.4496,11.615429706662058
7.410077423249219e-05,1.249934136887951e-05,11.690625230197508,0.0,0.0,27.9698,11.690637729538876
6.371967843526991e-05,1.0381095797222281e-05,11.31993028596539,0.0,0.0,27.8737,11.319940667061188
5.477549557392259e-05,8.944182861347322e-06,11.343778976852587,0.0,0.0,27.7988,11.343787921035448
4.720658659520833e-05,7.568908978714258e-06,11.153205195345288,0.0,0.0,28.0214,11.153212764254267
4.0510458210863624e-05,6.696128384344705e-06,11.472987890735922,0.0,0.0,28.0695,11.472994586864306
3.552738704424242e-05,4.983071166621203e-06,9.844217750692989,0.0,0.0,27.6275,9.844222733764155
3.0721679374150055e-05,4.805707670092365e-06,10.900142032555838,0.0,0.0,27.6995,10.900146838263508
2.6291059815865714e-05,4.430619558284342e-06,11.680467329940996,0.0,0.0,27.5419,11.680471760560554
2.3012609469080207e-05,3.2784503467855063e-06,9.988995242845084,0.0,0.0,27.4872,9.98899852129543
1.994769107784168e-05,3.0649183912385257e-06,10.719664607306852,0.0,0.0,27.8785,10.719667672225244
1.6992307667997656e-05,2.955383409844026e-06,12.026445768935925,0.0,0.0,28.2494,12.026448724319335
1.460118399620555e-05,2.391123671792106e-06,11.374357394662688,0.0,0.0,28.599,11.37435978578636
1.2581077395394417e-05,2.020106600811133e-06,11.168152725285923,0.0,0.0,28.1635,11.168154745392524
1.0997318239998515e-05,1.5837591553959017e-06,10.090681746745881,0.0,0.0,27.612,10.090683330505037
9.642245162393296e-06,1.355073077605219e-06,9.86230848564617,0.0,0.0,26.9773,9.862309840719247
8.64866095448113e-06,9.935842079121665e-07,8.156209718272864,0.0,0.0,26.7469,8.156210711857073
7.69790371709554e-06,9.507572373855898e-07,8.734233455424828,0.0,0.0,26.9685,8.734234406182066
6.852234416504425e-06,8.456693005911149e-07,8.727993353270726,0.0,0.0,27.6027,8.727994198940026
5.79383984877382e-06,1.058394567730605e-06,12.583463930457397,0.0,0.0,27.5244,12.583464988851965
4.9866512016237554e-06,8.071886471500643e-07,11.252299855011898,0.0,0.0,28.0312,11.252300662200545
4.168702741833187e-06,8.179484597905688e-07,13.436975802234095,0.0,0.0,27.9082,13.436976620182554
3.5651681778700806e-06,6.03534563963106e-07,11.729524410513184,0.0,0.0,27.5362,11.729525014047748
3.025371787229042e-06,5.397963906410385e-07,12.313292360600512,0.0,0.0,27.8271,12.313292900396902
2.596903142928168e-06,4.284686443008741e-07,11.453576014140054,0.0,0.0,28.2947,11.453576442608698
2.239021869671417e-06,3.578812732567511e-07,11.121039471317648,0.0,0.0,28.7445,11.12103982919892
1.8766042183186174e-06,3.624176513527995e-07,13.24314177152556,0.0,0.0,28.7453,13.243142133943211
1.6507926658786695e-06,2.2581155243994785e-07,9.615622319531742,0.0,0.0,27.4453,9.615622545343294
1.4745285398929647e-06,1.7626412598570484e-07,8.468795178089781,0.0,0.0,27.3285,8.468795354353908
1.305587029129136e-06,1.689415107638287e-07,9.126414906982573,0.0,0.0,27.7714,9.126415075924085
4.764484649332969,10.23551665625406,0.0,0.0,15.0,28.1454,10.23551665625406
4.202827913811128,0.5616567355218409,8.845725743626438,0.0,0.0,28.4527,9.40738247914828
3.702845270901585,0.699982642909543,8.999224501990867,0.0,0.2,28.0023,9.69920714490041
3.218589073455387,0.4842561974461983,10.027625953488585,0.0,0.0,28.1402,10.511882150934783
2.822441572025367,0.39614750143001976,9.45441036440115,0.0,0.0,27.9013,9.85055786583117
2.485153190427506,0.3372883815978609,9.207812544157036,0.0,0.0,27.4467,9.545100925754898
2.2568392188768556,0.22831397155065059,6.999364407177212,0.0,0.0,26.5933,7.2276783787278625
2.026116241096125,0.2307229777807307,7.857613006337889,0.0,0.0,26.9471,8.08833598411862
1.762101660229707,0.2640145808664178,10.207002199957314,0.0,0.0,27.4424,10.471016780823732
1.5585072887174323,0.20359437151227477,9.004809989558485,0.0,0.0,27.4783,9.208404361070759
1.4280884333805324,0.1304188553368999,6.423959156793659,0.0,0.0,26.8276,6.554378012130559
1.264217740765536,0.16387069261499643,8.977372756231944,0.0,0.0,27.2867,9.14124344884694
1.1382582471998184,0.22595949356571757,7.74561326429359,0.0,0.1,27.2798,7.971572757859308
1.0085663135001646,0.12969193369965382,8.943013807167562,0.0,0.0,27.0186,9.072705740867216
